date,urals,jpy,ttf gas,eur,cny,krw,uah,rub
3/23/2015,68.3248731,0.010713,29.375658,1.38892,0.2042,0.00115,0.056091371,0.0216
3/24/2015,68.00812492,0.0106,30.10617396,1.38687,0.2046,0.00115,0.054716263,0.022
3/25/2015,69.64945825,0.0106,29.92469,1.39835,0.2052,0.001158,0.057233907,0.0222
3/26/2015,72.99437915,0.010669,31.283325,1.39037,0.2056,0.001156,0.054547777,0.0223
3/27/2015,70.1754386,0.010717,30.620716,1.40462,0.2076,0.001169,0.055082559,0.0223
3/30/2015,71.77946172,0.010835,31.386495,1.4154,0.2105,0.001179,0.055395871,0.0227
3/31/2015,70.35625082,0.010882,31.5638284,1.4108,0.212,0.001185,0.05613251,0.0226
4/2/2015,71.60168599,0.010943,32.50639884,1.43301,0.2125,0.001207,0.056111697,0.0233
4/8/2015,72.01978136,0.011022,30.82140855,1.40295,0.2098,0.001191,0.055309735,0.0243
4/9/2015,72.49089964,0.010834,30.93785409,1.38567,0.2095,0.001185,0.055772231,0.025
4/13/2015,75.10870997,0.010782,31.44344005,1.39235,0.212,0.001196,0.058505732,0.0253
4/14/2015,76.19984264,0.010968,30.59793977,1.39723,0.2111,0.001201,0.059664306,0.0257
4/15/2015,79.52356157,0.010982,30.91218375,1.39125,0.2098,0.001192,0.058057797,0.0262
4/16/2015,79.55914392,0.010926,30.546622,1.37908,0.2068,0.001182,0.06125849,0.0257
4/17/2015,79.9537394,0.010769,29.89237063,1.38847,0.2073,0.001186,0.061295297,0.0247
4/20/2015,80.34951456,0.010806,30.00454,1.39,0.2087,0.001195,0.056699029,0.0243
4/21/2015,78.30372196,0.010863,30.24780624,1.39224,0.2091,0.001197,0.057061341,0.0241
4/22/2015,79.08446164,0.010837,29.74937504,1.38292,0.2082,0.00119,0.057124436,0.0247
4/23/2015,81.88480329,0.010753,29.6463336,1.39152,0.2074,0.001189,0.057084083,0.0253
4/24/2015,82.06799591,0.01075,30.23849508,1.39002,0.2063,0.001187,0.055725971,0.0251
4/27/2015,80.32578264,0.010744,29.79928746,1.38582,0.2046,0.00119,0.055484856,0.0246
4/28/2015,78.75841436,0.010689,29.30980701,1.36853,0.2009,0.001171,0.055098479,0.0243
4/29/2015,80.18231768,0.010487,29.94036412,1.38986,0.2014,0.001167,0.060314685,0.0245
4/30/2015,82.28969007,0.01049,29.66571908,1.41982,0.2039,0.001174,0.059582543,0.0245
5/5/2015,84.13497859,0.010604,28.69092382,1.40842,0.2029,0.001165,0.060312264,0.0249
5/6/2015,83.56130004,0.010504,29.11855804,1.42396,0.2024,0.001161,0.059731459,0.0247
5/8/2015,81.85829551,0.010506,28.676998,1.41266,0.203,0.001159,0.059757943,0.0247
5/11/2015,81.30781903,0.010526,29.70021321,1.41369,0.2041,0.001155,0.060068432,0.0247
5/13/2015,81.07974855,0.010554,29.10846484,1.39958,0.1987,0.001128,0.059534081,0.025
5/14/2015,81.00482614,0.010344,29.27237931,1.41201,0.1996,0.001137,0.060388566,0.0247
5/15/2015,81.88946975,0.010385,29.20930488,1.42408,0.2005,0.001147,0.059248195,0.0251
5/18/2015,81.30396696,0.010428,29.21107658,1.41602,0.2017,0.001148,0.057940183,0.0254
5/19/2015,79.7725837,0.010431,28.83716052,1.40889,0.2036,0.001154,0.059886292,0.0255
5/20/2015,80.82539683,0.010469,28.91538672,1.40872,0.2047,0.001158,0.061333333,0.0255
5/21/2015,82.9154002,0.010465,28.76124075,1.40745,0.2044,0.001158,0.061043566,0.0253
5/22/2015,82.16796625,0.010465,28.70724584,1.40777,0.206,0.001165,0.061613192,0.0256
5/26/2015,80.73691015,0.010507,28.817875,1.40575,0.2084,0.001167,0.059987072,0.0254
5/27/2015,78.92353474,0.0105,29.09025091,1.41071,0.2086,0.001166,0.061327468,0.0249
5/28/2015,80.40266702,0.010462,29.5455274,1.4314,0.2108,0.001179,0.062361093,0.0249
5/29/2015,83.93721387,0.010546,29.596226,1.43671,0.2111,0.001173,0.062132112,0.025
6/1/2015,84.36760452,0.010539,29.34521025,1.43673,0.2121,0.001178,0.062450697,0.0245
6/2/2015,83.33762223,0.010537,29.23221625,1.43471,0.2076,0.001162,0.06111683,0.0244
6/3/2015,81.25080262,0.010366,29.104398,1.44798,0.2072,0.00116,0.061384359,0.0236
6/4/2015,79.9037461,0.010338,29.59983,1.46172,0.2098,0.001168,0.061784599,0.0231
6/5/2015,81.8706546,0.010458,29.599024,1.45808,0.2114,0.001167,0.062311426,0.0233
6/8/2015,80.44917565,0.010452,30.344544,1.46592,0.2092,0.001161,0.061404648,0.0233
6/10/2015,83.49439505,0.01043,30.07188,1.4598,0.2076,0.00116,0.061074604,0.0237
6/11/2015,82.75950999,0.0105,29.39652,1.45168,0.2078,0.001158,0.061379755,0.0235
6/15/2015,80.40175122,0.010447,29.859972,1.45304,0.2074,0.001153,0.060005151,0.0236
6/16/2015,80.28895769,0.010435,29.889776,1.45096,0.2078,0.001153,0.059339525,0.024
6/17/2015,80.50070977,0.010456,29.406702,1.46302,0.2078,0.001157,0.059362498,0.024
6/18/2015,80.83333333,0.010454,29.71362,1.45655,0.2065,0.00116,0.060641026,0.024
6/19/2015,79.18167782,0.010427,29.719215,1.4622,0.2072,0.001166,0.059315492,0.0238
6/23/2015,81.79937952,0.01049,30.817871,1.44346,0.2083,0.001168,0.060108583,0.024
6/24/2015,80.81516096,0.010429,30.397169,1.45441,0.2091,0.001169,0.06152648,0.0238
6/25/2015,80.43422073,0.01048,30.258811,1.44779,0.2081,0.001162,0.061514603,0.0236
6/26/2015,81.00587851,0.010452,29.82837,1.4586,0.2103,0.001163,0.062312214,0.0238
6/29/2015,79.16395364,0.010546,30.141302,1.46317,0.2097,0.001163,0.061726787,0.0234
6/30/2015,80.78370313,0.010626,29.8609325,1.44605,0.2093,0.001159,0.061762035,0.0235
7/1/2015,80.64094179,0.010594,30.1459725,1.44585,0.2109,0.001162,0.062262917,0.0234
7/7/2015,76.25822037,0.010619,30.440414,1.47769,0.2161,0.001182,0.06227352,0.0237
7/8/2015,76.22829452,0.010951,31.010928,1.49091,0.2168,0.001185,0.062323328,0.0234
7/9/2015,77.4405801,0.011151,31.416068,1.48189,0.2163,0.001186,0.061232711,0.0235
7/10/2015,77.80016116,0.011068,31.09595,1.4986,0.2163,0.001187,0.061240935,0.0238
7/13/2015,76.85972729,0.010939,31.35038,1.4858,0.2175,0.001188,0.060753341,0.0239
7/14/2015,77.36178207,0.01094,31.980081,1.47714,0.2161,0.001174,0.060386473,0.0238
7/15/2015,76.08076975,0.010874,31.570398,1.48392,0.2182,0.001181,0.060441794,0.0238
7/16/2015,75.55705604,0.010946,31.17506775,1.46879,0.2175,0.001178,0.061174882,0.0237
7/17/2015,75.91914259,0.010879,31.004973,1.46943,0.2184,0.001179,0.062135395,0.0238
7/20/2015,74.98643516,0.010928,31.38982875,1.46853,0.2184,0.001173,0.059549647,0.0238
7/21/2015,75.14489823,0.010915,30.803047,1.47383,0.217,0.001173,0.061059442,0.0236
7/22/2015,74.27138403,0.01088,30.7049165,1.48154,0.2183,0.001172,0.061407076,0.0236
7/23/2015,73.64056552,0.010936,30.91338,1.4934,0.2189,0.00117,0.061174551,0.0235
7/24/2015,73.27657237,0.010971,30.797632,1.50784,0.2211,0.001173,0.062482834,0.0235
7/27/2015,70.98638052,0.011092,31.23154125,1.52535,0.2215,0.001178,0.062181868,0.0229
7/28/2015,70.41428182,0.011161,31.4328345,1.50757,0.2195,0.001175,0.060915781,0.0227
7/29/2015,71.5010281,0.011033,31.24203,1.50564,0.2208,0.00118,0.062234407,0.0234
7/30/2015,71.31495955,0.01106,31.330563,1.49907,0.2208,0.001169,0.06499383,0.023
7/31/2015,69.11603722,0.011047,31.109409,1.50287,0.2205,0.001173,0.064449918,0.0222
8/4/2015,66.62601626,0.011052,29.785102,1.47451,0.2182,0.001159,0.062872629,0.0216
8/5/2015,66.23164763,0.010899,30.096171,1.48257,0.2189,0.001158,0.062941816,0.0214
8/6/2015,66.25374353,0.010888,30.115395,1.48718,0.2192,0.001169,0.063980397,0.0213
8/7/2015,64.1547587,0.010911,29.5664,1.47832,0.2171,0.001157,0.063763818,0.0211
8/10/2015,66.26197221,0.010849,29.7282,1.48641,0.2172,0.001164,0.062862539,0.0214
8/12/2015,66.06586258,0.010824,29.22616375,1.51235,0.2122,0.001155,0.063423228,0.021
8/13/2015,65.29891304,0.01091,29.8806135,1.51486,0.2124,0.001153,0.0625,0.021
8/14/2015,63.85689118,0.010921,29.40094025,1.50581,0.2121,0.00115,0.061525952,0.0209
8/17/2015,63.49701574,0.0109,29.2280985,1.50273,0.2121,0.001146,0.060770483,0.0207
8/18/2015,63.77877673,0.010906,29.207287,1.50166,0.213,0.001148,0.063887754,0.0207
8/19/2015,61.44529124,0.01095,29.0182945,1.51334,0.2128,0.001149,0.063418617,0.0204
8/20/2015,60.48793785,0.010992,29.1118,1.5322,0.2133,0.00115,0.061469265,0.0201
8/21/2015,59.40404593,0.011041,29.692908,1.55664,0.214,0.001143,0.062055768,0.0198
8/24/2015,56.69368362,0.011198,30.28014,1.6236,0.2182,0.001173,0.063024036,0.0197
8/25/2015,58.48527349,0.0118,30.69393,1.61547,0.2187,0.001178,0.062131837,0.0203
8/26/2015,58.84582982,0.011799,30.021516,1.58844,0.2191,0.001186,0.064448189,0.0204
8/27/2015,63.92687692,0.011707,29.93611425,1.56939,0.2179,0.001189,0.065587497,0.0212
8/28/2015,67.12672522,0.011531,30.4083,1.5594,0.2182,0.001181,0.065802314,0.0214
8/31/2015,71.93870378,0.01146,30.61515975,1.57607,0.2204,0.001188,0.063123858,0.022
9/1/2015,67.73044593,0.011595,32.04307125,1.61223,0.2239,0.001207,0.06525146,0.0215
9/2/2015,70.22304305,0.011938,31.86072425,1.59503,0.2236,0.0012,0.064213667,0.0212
9/9/2015,66.24394414,0.012164,30.741865,1.59698,0.2234,0.001196,0.064548304,0.0208
9/10/2015,67.57635747,0.011821,30.864411,1.59506,0.2217,0.001196,0.065893665,0.0209
9/11/2015,66.53976311,0.011721,31.176015,1.59877,0.2212,0.001192,0.064720812,0.0208
9/14/2015,63.89745027,0.011696,30.759864,1.58556,0.22,0.001184,0.063743345,0.0207
9/15/2015,64.68776253,0.011652,30.2976,1.578,0.2198,0.001188,0.063567628,0.021
9/16/2015,67.16687509,0.011629,30.431034,1.56861,0.2181,0.001188,0.06391552,0.0212
9/17/2015,66.42966681,0.011525,30.5630325,1.5939,0.219,0.001194,0.064826432,0.0213
9/18/2015,64.12574767,0.011615,29.309258,1.56734,0.2186,0.001185,0.063847545,0.0209
9/21/2015,65.73191251,0.0116,29.498704,1.56908,0.2201,0.00119,0.06463825,0.0211
9/22/2015,66.73719848,0.011631,29.99565,1.5684,0.2212,0.00119,0.064889265,0.0214
9/23/2015,65.62901614,0.011739,30.46754375,1.59725,0.2236,0.001195,0.067399686,0.0215
9/24/2015,66.17312073,0.011871,30.2523695,1.59854,0.223,0.001195,0.066486333,0.0215
9/25/2015,66.27277904,0.011857,29.88375,1.5938,0.2233,0.001193,0.066059226,0.0217
9/28/2015,65.274002,0.011801,30.04377975,1.60877,0.2246,0.001196,0.066533123,0.0216
9/29/2015,66.22763064,0.011931,29.953998,1.61043,0.2251,0.001197,0.066714388,0.0218
9/30/2015,66.62866914,0.011957,29.385315,1.5927,0.2243,0.001202,0.067255628,0.0218
10/8/2015,71.30853994,0.011561,29.23993125,1.55325,0.2169,0.001196,0.064738292,0.0224
10/9/2015,69.72464558,0.011488,29.06276125,1.54795,0.2148,0.001188,0.062431843,0.0221
10/12/2015,67.83678794,0.011338,28.927875,1.54282,0.2148,0.001187,0.062618854,0.0218
10/13/2015,65.9489303,0.011316,29.05795,1.5707,0.2177,0.0012,0.064182195,0.0219
10/14/2015,65.32876712,0.011528,29.19377025,1.57167,0.2158,0.001205,0.06369863,0.0219
10/15/2015,66.10724519,0.011527,28.5105785,1.55371,0.215,0.001215,0.062764361,0.0222
10/16/2015,66.67125551,0.011475,28.830708,1.56264,0.2166,0.001217,0.064702643,0.0225
10/19/2015,64.62472406,0.011519,29.535786,1.56274,0.2169,0.001219,0.063879691,0.0221
10/20/2015,63.80165289,0.011544,28.753312,1.56268,0.217,0.001217,0.061983471,0.0222
10/21/2015,63.56449376,0.011494,29.091805,1.57253,0.2185,0.001217,0.062274619,0.0222
10/22/2015,63.84572697,0.011566,28.279185,1.5411,0.2182,0.001227,0.062014428,0.0221
10/23/2015,63.67793792,0.011496,27.634356,1.52676,0.2182,0.001219,0.06097561,0.0222
10/26/2015,62.32583805,0.01141,27.4581,1.52545,0.2172,0.001221,0.060835977,0.0219
10/27/2015,62.21326289,0.011394,28.118499,1.53653,0.2188,0.001224,0.06075351,0.0213
10/28/2015,65.8186929,0.011542,27.5563015,1.53517,0.2212,0.001228,0.06113844,0.022
10/29/2015,65.39440204,0.011613,28.24367,1.55185,0.2224,0.001238,0.060503251,0.022
10/30/2015,65.97086018,0.011672,27.4086945,1.54198,0.2218,0.001228,0.061081535,0.0219
11/2/2015,66.16762278,0.011616,27.130224,1.54149,0.2208,0.00123,0.06072478,0.022
11/3/2015,67.74283329,0.011589,26.4728035,1.52581,0.2197,0.001231,0.059838575,0.0222
11/5/2015,64.99160134,0.011494,26.053218,1.52358,0.2206,0.00123,0.061590146,0.0221
11/6/2015,65.17109186,0.011498,25.265034,1.52199,0.2235,0.001232,0.063183303,0.0222
11/9/2015,64.55229176,0.011529,25.32911,1.52585,0.223,0.001225,0.062296012,0.022
11/11/2015,61.97022391,0.01152,25.4832825,1.52139,0.2224,0.001226,0.061880487,0.0216
11/12/2015,59.38815605,0.011525,24.886344,1.51746,0.2204,0.00121,0.061044064,0.021
11/13/2015,58.6642346,0.011445,24.5678875,1.51187,0.2202,0.001199,0.060614564,0.021
11/16/2015,62.90868095,0.011442,25.297944,1.50583,0.2212,0.001205,0.060315671,0.0216
11/17/2015,57.58683729,0.01144,25.92495675,1.49639,0.2205,0.001202,0.06018844,0.0216
11/18/2015,58.40247504,0.011393,25.8969525,1.4991,0.2203,0.001205,0.059063423,0.0217
11/19/2015,57.95107034,0.011374,26.335212,1.49208,0.2178,0.001202,0.05852099,0.0215
11/20/2015,57.96380716,0.011312,25.58844,1.4706,0.2164,0.001196,0.05732836,0.0213
11/23/2015,59.48275862,0.011251,25.511715,1.47894,0.2176,0.0012,0.058120133,0.0211
11/24/2015,60.02480364,0.011319,25.85393625,1.46689,0.2158,0.001202,0.057875155,0.0211
11/25/2015,60.52123552,0.011251,26.18848375,1.46509,0.2158,0.001205,0.05846663,0.021
11/27/2015,59.30766023,0.011239,25.842375,1.4725,0.2174,0.001202,0.059085222,0.0209
11/30/2015,58.68271759,0.011321,26.787485,1.4618,0.2163,0.001193,0.058253771,0.0208
12/1/2015,58.26846921,0.011239,26.278485,1.45185,0.2134,0.001182,0.057216988,0.0205
12/2/2015,56.60145027,0.011113,25.6701095,1.45234,0.2138,0.001176,0.058421125,0.0203
12/3/2015,57.9621305,0.0111,25.928958,1.49017,0.2129,0.00118,0.05898379,0.0202
12/8/2015,53.61053361,0.01111,25.438108,1.50968,0.2159,0.001174,0.060568261,0.02
12/10/2015,51.43524241,0.011271,25.019622,1.50268,0.2133,0.001165,0.058371103,0.02
12/11/2015,49.96522465,0.011293,25.21827,1.52838,0.2155,0.001172,0.05842259,0.0198
12/14/2015,49.17149959,0.011495,24.583338,1.51749,0.2138,0.001166,0.058133112,0.0196
12/15/2015,50.04171301,0.011408,24.31568,1.51973,0.2151,0.001184,0.058120133,0.0199
12/16/2015,48.65201161,0.011425,23.3095695,1.50871,0.2136,0.001179,0.058620213,0.0196
12/17/2015,48.43596577,0.011312,23.6156295,1.51869,0.2164,0.001184,0.059896199,0.0197
12/18/2015,47.71460424,0.011447,22.258887,1.51421,0.2151,0.001178,0.058807135,0.0196
12/21/2015,47.21835883,0.011507,21.67187675,1.51817,0.2146,0.001184,0.059805285,0.0195
12/22/2015,47.26368159,0.011476,21.19866,1.51419,0.2133,0.00118,0.060392482,0.0194
12/23/2015,48.74205142,0.011417,21.11928,1.50852,0.2134,0.001178,0.060547415,0.0198
12/24/2015,48.67134793,0.011434,21.430356,1.50918,0.2126,0.001178,0.060167975,0.0196
12/28/2015,46.76507104,0.011431,22.0134225,1.51295,0.2126,0.00118,0.058766726,0.0191
12/29/2015,47.88925439,0.011458,23.19854,1.49668,0.2113,0.00117,0.057565789,0.019
12/30/2015,46.9740634,0.011379,22.354172,1.50028,0.2114,0.001165,0.057087965,0.0187
12/31/2015,47.84518254,0.011386,21.030291,1.49151,0.2112,0.001166,0.0570958,0.0188
1/4/2016,49.35335836,0.011414,22.443572,1.50628,0.2129,0.001168,0.057571965,0.0192
1/6/2016,46.01244344,0.011643,23.28689025,1.52451,0.2157,0.001178,0.060520362,0.019
1/7/2016,45.50770108,0.011934,23.700752,1.55926,0.2163,0.001191,0.06103822,0.0191
1/8/2016,45.23227384,0.012123,22.87385925,1.56939,0.2181,0.001191,0.061556163,0.0192
1/11/2016,41.95854182,0.012268,22.35384,1.55235,0.2176,0.001186,0.061043603,0.0188
1/12/2016,40.79587747,0.012143,22.03177725,1.55427,0.2178,0.001183,0.061694818,0.0186
1/13/2016,40.14378145,0.012165,22.515984,1.56361,0.2187,0.001189,0.061682243,0.0188
1/14/2016,41.37437366,0.012215,21.66186925,1.55561,0.2173,0.001186,0.059413028,0.0188
1/15/2016,39.01515152,0.01213,21.639776,1.59116,0.2205,0.001201,0.059731935,0.0187
1/19/2016,38.64524533,0.012453,21.198612,1.57904,0.2193,0.001199,0.058619192,0.0184
1/20/2016,37.04400695,0.012304,20.7698605,1.57646,0.2213,0.001197,0.059206717,0.0178
1/21/2016,39.03414774,0.012378,19.888256,1.55377,0.219,0.001187,0.057436777,0.0173
1/22/2016,42.55926878,0.012139,20.737479,1.54182,0.2162,0.001192,0.05812625,0.0183
1/25/2016,39.72681524,0.012023,19.810095,1.55985,0.2176,0.001198,0.057943925,0.018
1/26/2016,41.01356174,0.012155,20.4078795,1.55193,0.2171,0.001191,0.05738758,0.0181
1/27/2016,43.47516721,0.012056,20.92824,1.55024,0.2161,0.001178,0.057065604,0.0182
1/28/2016,45.35573123,0.011992,21.50577,1.5444,0.2144,0.001169,0.056182947,0.0185
1/29/2016,46.44268775,0.011881,20.182536,1.52898,0.2148,0.001169,0.055053642,0.0187
2/2/2016,42.25031965,0.011654,20.2445955,1.55131,0.2156,0.001172,0.054837335,0.0178
2/3/2016,45.64095411,0.011842,20.44878,1.54915,0.2146,0.001162,0.054121914,0.0182
2/5/2016,44.10641007,0.011835,19.417149,1.57863,0.2142,0.001172,0.054620065,0.0183
2/16/2016,41.47096048,0.012426,19.3538085,1.56711,0.2161,0.001154,0.052453945,0.0181
2/17/2016,44.70424495,0.012325,19.2824355,1.54879,0.2148,0.001137,0.05177453,0.0185
2/18/2016,43.52382283,0.0122,18.6990695,1.55179,0.2145,0.001137,0.052955149,0.0183
2/19/2016,42.37548965,0.012336,18.7595605,1.55681,0.2164,0.001134,0.05190263,0.0182
2/22/2016,44.48595544,0.01242,18.771399,1.52613,0.2121,0.001131,0.051058531,0.0184
2/23/2016,42.3910025,0.012254,19.354753,1.53002,0.212,0.001127,0.050958067,0.0182
2/24/2016,44.01056142,0.012385,19.435826,1.53038,0.2135,0.001127,0.05086159,0.0183
2/25/2016,44.6379215,0.012387,18.424912,1.52272,0.2124,0.001119,0.050995025,0.0184
2/26/2016,45.87426326,0.012229,18.78856,1.53376,0.2133,0.001129,0.051361212,0.0184
2/29/2016,47.59837558,0.012311,19.2597515,1.52251,0.2139,0.001131,0.052093544,0.0187
3/2/2016,47.16929404,0.012427,18.847235,1.4899,0.2106,0.001119,0.051542152,0.0187
3/3/2016,46.64036997,0.012079,18.778914,1.49039,0.2081,0.001122,0.051822633,0.0186
3/8/2016,49.32114532,0.011964,18.502375,1.48019,0.2066,0.001111,0.051216561,0.0184
3/10/2016,50.06707808,0.011937,18.293412,1.49946,0.206,0.001114,0.052455058,0.0188
3/11/2016,49.61004627,0.011848,18.0627475,1.47451,0.2032,0.001113,0.051817581,0.019
3/14/2016,49.07518297,0.011612,18.619272,1.47772,0.2049,0.001119,0.050565536,0.019
3/15/2016,48.54499128,0.011691,18.474884,1.48991,0.2058,0.001122,0.049751911,0.0189
3/16/2016,49.67562558,0.011847,18.504933,1.48634,0.2062,0.001123,0.049119555,0.0192
3/17/2016,50.80402667,0.011761,18.348156,1.47969,0.2026,0.001132,0.049418225,0.0192
3/18/2016,51.15667718,0.011736,17.932926,1.48206,0.203,0.001129,0.049421661,0.0192
3/21/2016,51.28002111,0.01179,17.76263725,1.48331,0.2031,0.001136,0.050145157,0.0195
3/22/2016,51.24639202,0.011788,17.955228,1.47174,0.2019,0.001134,0.050118079,0.0195
3/23/2016,50.50451407,0.011678,18.0367965,1.48451,0.2038,0.001136,0.050716941,0.0194
3/24/2016,50.25239107,0.011815,17.7367875,1.48425,0.2043,0.001137,0.050743889,0.0193
3/28/2016,49.76805832,0.011767,17.7341585,1.48403,0.2036,0.001137,0.050629556,0.0193
3/29/2016,48.23652812,0.011683,17.76312,1.48026,0.2032,0.001134,0.049822997,0.0192
3/30/2016,47.81645157,0.011625,17.698571,1.47796,0.2015,0.00114,0.049667579,0.0192
3/31/2016,48.09977798,0.011595,18.429376,1.48624,0.2017,0.001141,0.04988899,0.0195
4/1/2016,47.0756806,0.011601,17.3296695,1.48434,0.2015,0.001137,0.050019539,0.0193
4/5/2016,47.3949357,0.011812,17.354995,1.50913,0.205,0.001142,0.050908127,0.0193
4/7/2016,49.47368421,0.012014,17.206146,1.51596,0.2062,0.001148,0.051698867,0.0195
4/8/2016,52.06458444,0.012312,16.9749,1.50888,0.2043,0.00115,0.051614611,0.0197
4/11/2016,53.06122449,0.012251,16.7810505,1.50166,0.2036,0.001152,0.051612903,0.0198
4/13/2016,53.86123089,0.012195,16.869056,1.47328,0.2018,0.00114,0.051221743,0.0197
4/14/2016,53.28135153,0.011951,16.766235,1.4643,0.2004,0.001126,0.050812216,0.0197
4/15/2016,51.97411003,0.01188,16.659162,1.46133,0.2004,0.001129,0.050873786,0.0195
4/18/2016,52.14193548,0.011903,17.005272,1.45968,0.1992,0.001127,0.050580645,0.0195
4/19/2016,52.65583003,0.011858,17.299268,1.45372,0.1982,0.001134,0.050300781,0.0194
4/20/2016,54.81139338,0.011719,17.682924,1.44942,0.1977,0.001132,0.050423403,0.0197
4/21/2016,54.17420522,0.011681,18.745323,1.45878,0.1987,0.001132,0.05091755,0.0193
4/22/2016,55.08562532,0.011806,19.218144,1.45592,0.1995,0.001128,0.051245459,0.0195
4/25/2016,54.24497732,0.011607,19.277016,1.46038,0.1995,0.001126,0.051198963,0.0195
4/26/2016,56.03303652,0.011657,21.54032475,1.45789,0.1989,0.001125,0.051232417,0.0197
4/27/2016,58.41127651,0.011595,21.36272925,1.49129,0.2029,0.001147,0.05243051,0.0202
4/28/2016,59.0557377,0.011821,19.500136,1.48856,0.2021,0.001153,0.052065574,0.0202
4/29/2016,58.77942917,0.012133,19.56981,1.50537,0.2027,0.001149,0.052347757,0.0203
5/4/2016,57.18117205,0.01226,19.4871985,1.54049,0.2058,0.001149,0.05337267,0.0201
5/5/2016,57.46818486,0.012534,19.55456,1.5277,0.2055,0.001147,0.053181514,0.0204
5/9/2016,56.27392017,0.01249,19.8381075,1.55593,0.2096,0.001163,0.054264625,0.0205
5/10/2016,58.31862013,0.012618,20.309123,1.54442,0.2086,0.00116,0.05391824,0.0205
5/12/2016,62.14334471,0.012429,20.18991,1.55307,0.2093,0.001167,0.054061433,0.021
5/13/2016,62.48108926,0.012527,19.901696,1.55482,0.2105,0.001169,0.053912804,0.021
5/16/2016,64.01426808,0.01266,20.30560575,1.55301,0.2102,0.001165,0.054054054,0.0211
5/17/2016,63.87713311,0.012583,20.312805,1.5447,0.209,0.00116,0.054061433,0.0211
5/18/2016,63.92308756,0.012506,20.12980425,1.55143,0.2099,0.001162,0.054779361,0.021
5/19/2016,64.20863309,0.012552,20.304607,1.54997,0.2121,0.001166,0.05478694,0.0207
5/20/2016,64.09581833,0.012582,19.967101,1.55386,0.2115,0.001164,0.055247854,0.0207
5/23/2016,63.51052049,0.012571,20.19277,1.55329,0.2113,0.00117,0.055094131,0.0206
5/24/2016,65.04246137,0.012674,20.31679,1.5509,0.2121,0.001172,0.055408604,0.021
5/25/2016,66.06001667,0.012657,20.339025,1.54964,0.2121,0.001175,0.055432064,0.0212
5/26/2016,65.31967894,0.012607,20.912445,1.54907,0.2112,0.001173,0.055078882,0.021
5/27/2016,65.84516848,0.012609,21.807342,1.54662,0.2116,0.001173,0.055416319,0.0211
5/31/2016,64.58390932,0.012625,22.19877675,1.53891,0.2097,0.001161,0.055156207,0.0207
6/1/2016,65.0819898,0.012486,22.19832,1.54155,0.2095,0.001156,0.054981397,0.0206
6/6/2016,65.23214771,0.012579,22.895136,1.54176,0.2067,0.001167,0.054439316,0.0208
6/7/2016,65.77289181,0.012623,22.8429,1.52286,0.2042,0.001159,0.053626491,0.0207
6/13/2016,64.46459997,0.012679,21.0186625,1.52863,0.205,0.001155,0.054419927,0.0206
6/14/2016,63.65860288,0.012737,21.51336375,1.52307,0.2061,0.001155,0.054498505,0.0206
6/15/2016,62.42743351,0.012809,21.583574,1.51997,0.205,0.001155,0.05400297,0.0206
6/16/2016,60.64104305,0.012734,21.761952,1.52448,0.2073,0.001158,0.054597311,0.0206
6/17/2016,63.57113849,0.013028,22.082481,1.52556,0.2057,0.001155,0.054419927,0.0209
6/20/2016,64.52997184,0.012981,22.903227,1.51677,0.2037,0.001155,0.053909079,0.0209
6/21/2016,65.18120805,0.012903,22.144575,1.509,0.2033,0.001164,0.053959732,0.0211
6/22/2016,63.28489535,0.012811,23.193324,1.50606,0.2027,0.001161,0.053592854,0.0206
6/23/2016,63.94325496,0.012764,22.6597035,1.49569,0.2004,0.001151,0.052935768,0.0206
6/24/2016,61.63943209,0.012376,22.06330625,1.48825,0.2027,0.001141,0.053844093,0.0207
6/27/2016,61.45975443,0.013084,21.197658,1.50338,0.2048,0.001156,0.054843111,0.0208
6/28/2016,62.78093691,0.013378,21.196983,1.49802,0.2046,0.00116,0.054427295,0.0211
6/29/2016,64.44772514,0.013176,21.4992,1.493,0.2025,0.001163,0.053818279,0.0211
6/30/2016,62.78351899,0.013052,20.831694,1.49064,0.202,0.001164,0.0540867,0.0209
7/1/2016,64.07041878,0.013006,21.253947,1.48629,0.2006,0.001159,0.053747666,0.0209
7/6/2016,62.12765957,0.013005,20.66652,1.47618,0.1992,0.001147,0.053590426,0.0206
7/7/2016,58.73779917,0.013125,21.434625,1.47825,0.1998,0.001154,0.053884209,0.0207
7/11/2016,57.83324482,0.013267,20.55466,1.46819,0.1983,0.001154,0.053372278,0.0206
7/12/2016,60.1075692,0.012915,20.56806675,1.45101,0.1961,0.001147,0.052866326,0.0205
7/13/2016,58.26761304,0.012531,20.699908,1.45774,0.1962,0.001147,0.053101998,0.0206
7/14/2016,58.90985325,0.012581,20.76225,1.457,0.1959,0.001157,0.05293501,0.0208
7/15/2016,60.57007126,0.012439,20.56416375,1.45587,0.1969,0.001158,0.053180259,0.0208
7/18/2016,59.04360427,0.012584,20.9356455,1.45893,0.1964,0.00116,0.05295745,0.021
7/19/2016,59.31503198,0.012409,20.81924775,1.46873,0.1994,0.001168,0.053704691,0.021
7/20/2016,60.00267451,0.012557,21.7094925,1.47183,0.2001,0.00117,0.053891415,0.021
7/21/2016,58.54569713,0.012512,21.73683225,1.47119,0.1998,0.001173,0.053769179,0.0207
7/22/2016,58.00053605,0.012611,21.32747,1.47086,0.201,0.001179,0.054140981,0.0207
7/25/2016,56.54618474,0.012626,21.71259,1.47204,0.2007,0.001172,0.054082999,0.0205
7/26/2016,56.22500666,0.012653,21.233655,1.46439,0.1994,0.001172,0.053719008,0.0202
7/27/2016,54.75904419,0.012738,21.3321015,1.47627,0.2008,0.00118,0.053797891,0.0202
7/28/2016,53.7251766,0.012666,20.7777965,1.47622,0.2001,0.001185,0.053711849,0.0199
7/29/2016,53.4623486,0.01266,20.148042,1.47066,0.1984,0.001184,0.053054239,0.0199
8/1/2016,52.86624204,0.012892,20.10090975,1.48073,0.1991,0.001197,0.053476645,0.0198
8/2/2016,51.93849389,0.01296,20.05524,1.47465,0.1982,0.001182,0.052963596,0.0197
8/3/2016,53.91407486,0.013027,19.321032,1.46928,0.1986,0.00118,0.053110174,0.0199
8/4/2016,54.62768747,0.013017,19.404567,1.45899,0.1972,0.001177,0.052962769,0.0199
8/8/2016,55.7835577,0.012952,18.44196075,1.44927,0.196,0.00118,0.052672853,0.0202
8/9/2016,55.50632087,0.012758,17.532416,1.44896,0.1958,0.001182,0.05252183,0.0201
8/11/2016,56.57877646,0.012792,17.35812,1.44651,0.1953,0.001183,0.052084686,0.0202
8/12/2016,58.69053842,0.012738,17.02506875,1.45825,0.196,0.001184,0.052143231,0.0202
8/15/2016,59.74719833,0.012901,16.5781525,1.45742,0.196,0.001187,0.051993745,0.0203
8/16/2016,60.61078622,0.01287,16.89138575,1.46563,0.1961,0.001186,0.052111761,0.0204
8/17/2016,62.01175702,0.012956,17.43631725,1.47453,0.1976,0.001179,0.051992162,0.0204
8/18/2016,63.29690346,0.013025,16.1747925,1.47715,0.1963,0.001174,0.051652355,0.0204
8/19/2016,63.51121017,0.013025,15.59166,1.48492,0.1972,0.001175,0.051920808,0.0205
8/22/2016,61.40833989,0.013083,16.1208215,1.48579,0.1972,0.001167,0.051796486,0.0202
8/23/2016,62.06172029,0.013068,17.1097845,1.48458,0.197,0.001172,0.051871307,0.0203
8/24/2016,61.31616971,0.0131,16.53151275,1.47933,0.1975,0.001172,0.051884934,0.0201
8/25/2016,62.26043581,0.013076,16.442208,1.48128,0.1973,0.001177,0.051588343,0.0202
8/26/2016,62.55949233,0.013058,17.316702,1.48006,0.1961,0.001178,0.051824432,0.0204
8/29/2016,61.97648302,0.012985,17.73804,1.47817,0.1977,0.00118,0.051790197,0.0204
8/30/2016,61.25982155,0.012963,17.211268,1.48373,0.1993,0.001189,0.051804501,0.0204
8/31/2016,58.9996009,0.012934,17.4397025,1.48423,0.1992,0.001192,0.050685114,0.0203
9/2/2016,58.18037766,0.012862,17.72929925,1.47437,0.1983,0.001183,0.049518025,0.0202
9/6/2016,58.29322232,0.012706,17.459631,1.46412,0.1955,0.001188,0.048393391,0.0202
9/8/2016,61.63810022,0.012752,16.497936,1.47303,0.1953,0.001191,0.049064503,0.0204
9/9/2016,60.1246519,0.012766,16.94545125,1.48971,0.1977,0.001196,0.049728153,0.0205
9/12/2016,60.25641026,0.012913,16.1119245,1.48497,0.1989,0.001193,0.049696008,0.0204
9/13/2016,59.64630225,0.012979,17.0602985,1.50311,0.2001,0.001188,0.051045016,0.0205
9/14/2016,58.20056232,0.013065,16.9439625,1.50613,0.2002,0.001189,0.050876958,0.0205
9/19/2016,57.81789222,0.013049,19.727092,1.48324,0.1985,0.001186,0.051499867,0.0205
9/20/2016,57.95394389,0.013024,18.816705,1.47582,0.1984,0.001185,0.05108523,0.0204
9/21/2016,58.63064008,0.013014,19.741103,1.46774,0.1977,0.001188,0.050629591,0.0205
9/22/2016,58.9820751,0.013076,19.502322,1.46634,0.1962,0.001185,0.05037289,0.0205
9/23/2016,57.32651187,0.012983,19.582388,1.47236,0.1966,0.001189,0.050505051,0.0205
9/26/2016,58.34206391,0.012989,19.232307,1.47374,0.1962,0.001181,0.050550026,0.0205
9/27/2016,56.98447894,0.013052,18.720384,1.46253,0.1959,0.001189,0.050606495,0.0205
9/28/2016,59.91939678,0.012987,19.394858,1.45826,0.1956,0.00119,0.050182007,0.0206
9/29/2016,60.98742797,0.012911,20.135164,1.46972,0.1955,0.001188,0.050680985,0.0208
9/30/2016,61.26043841,0.012962,19.350936,1.46598,0.1956,0.001185,0.050365344,0.0208
10/10/2016,63.73142626,0.012682,23.09885925,1.46427,0.1959,0.001186,0.050874195,0.0212
10/11/2016,66.20241411,0.012688,22.652481,1.46618,0.1971,0.001179,0.051465712,0.0212
10/13/2016,65.26621747,0.012814,22.639455,1.46061,0.1967,0.001169,0.051261725,0.021
10/14/2016,64.93830402,0.01274,22.293285,1.4406,0.1952,0.001156,0.050932003,0.0207
10/17/2016,64.47765107,0.012599,23.215234,1.44194,0.1947,0.001153,0.050989645,0.0208
10/18/2016,64.57083225,0.012618,24.02834225,1.43239,0.1936,0.001159,0.050873989,0.0208
10/19/2016,64.58171458,0.01256,24.15972,1.42116,0.1926,0.001156,0.05037555,0.0208
10/20/2016,64.19299856,0.012518,24.5043,1.433,0.1942,0.001158,0.051134129,0.021
10/21/2016,64.99737119,0.012612,23.739494,1.43009,0.1947,0.001157,0.05126183,0.0211
10/24/2016,64.24911313,0.012659,24.949661,1.42978,0.1942,0.001157,0.051241624,0.0211
10/25/2016,62.38556108,0.01261,24.993657,1.42414,0.1929,0.001157,0.051007063,0.0211
10/26/2016,62.18794929,0.012548,24.59574,1.42584,0.1929,0.001148,0.051365835,0.0208
10/27/2016,63.49980235,0.012511,24.843146,1.43602,0.1939,0.001148,0.051653709,0.021
10/28/2016,62.46874589,0.012513,24.4905465,1.44487,0.1948,0.001147,0.051585735,0.0209
10/31/2016,59.70561178,0.012566,25.97472,1.44304,0.1943,0.001149,0.051517939,0.0208
11/1/2016,59.67067433,0.012538,26.583216,1.44474,0.1931,0.00114,0.050967067,0.0206
11/2/2016,58.33442109,0.012547,27.958752,1.44864,0.1929,0.00114,0.051168255,0.0206
11/3/2016,57.22468107,0.012638,27.321651,1.44559,0.1925,0.001138,0.050768029,0.0205
11/4/2016,56.23615274,0.012639,26.270159,1.45139,0.193,0.001142,0.050957904,0.0202
11/7/2016,56.6252588,0.012638,25.572119,1.42861,0.1918,0.001134,0.050595238,0.0203
11/8/2016,56.10667354,0.012387,25.5699,1.42055,0.1911,0.001141,0.050373615,0.0202
11/10/2016,57.36240641,0.012251,26.183823,1.43081,0.1932,0.001126,0.051359517,0.02
11/11/2016,56.924518,0.012296,26.326746,1.43862,0.1945,0.001138,0.051683011,0.0201
11/14/2016,56.4866296,0.012422,25.018576,1.42151,0.1933,0.001132,0.051363516,0.0201
11/15/2016,59.4919963,0.012208,25.63920675,1.41849,0.193,0.001133,0.050403493,0.0206
11/16/2016,59.27807487,0.012115,25.152864,1.42914,0.1944,0.001142,0.051871658,0.0207
11/17/2016,59.46529841,0.012253,25.1833725,1.43495,0.1947,0.001144,0.051984877,0.0208
11/18/2016,61.20196239,0.012257,26.0445255,1.44291,0.1972,0.001154,0.052739166,0.021
11/21/2016,63.73999186,0.012287,24.704525,1.4426,0.1968,0.00115,0.052788709,0.0212
11/22/2016,63.75303972,0.012247,25.1592405,1.43562,0.1967,0.001155,0.052688463,0.0212
11/23/2016,63.99458362,0.012156,25.364395,1.42898,0.1955,0.001146,0.052809749,0.0211
11/25/2016,61.49402123,0.012035,25.3496455,1.42214,0.1945,0.00114,0.052129518,0.0207
11/28/2016,62.4298316,0.011865,26.172063,1.41854,0.1932,0.001141,0.0521251,0.0206
11/29/2016,59.99465526,0.011939,26.752964,1.42303,0.194,0.001144,0.052244789,0.0205
11/30/2016,66.31008802,0.01189,26.23854,1.4338,0.1958,0.00115,0.052945159,0.0211
12/1/2016,69.83142279,0.011832,26.384364,1.43784,0.1965,0.001155,0.052461227,0.0211
12/2/2016,70.36341692,0.01182,25.710002,1.43032,0.1949,0.001148,0.051629342,0.0209
12/5/2016,69.8875803,0.011814,24.994063,1.44058,0.195,0.001147,0.051525696,0.021
12/7/2016,67.97647688,0.011755,23.85752,1.4372,0.1946,0.001154,0.051590484,0.0211
12/8/2016,69.44928313,0.011749,23.8243625,1.42235,0.1951,0.001156,0.051989816,0.0212
12/9/2016,70.19734193,0.011751,23.81904,1.4178,0.194,0.001149,0.051550544,0.0215
12/12/2016,71.14845938,0.011642,24.47016,1.41856,0.1932,0.001146,0.050953715,0.0219
12/13/2016,71.02666667,0.011598,24.51064,1.4168,0.1934,0.001145,0.050933333,0.022
12/14/2016,69.8352687,0.011578,24.468376,1.42258,0.1928,0.001145,0.051174723,0.0217
12/15/2016,71.01114433,0.011536,24.695938,1.41524,0.1957,0.001149,0.051644469,0.022
12/16/2016,72.89156627,0.011501,25.03235,1.43042,0.1969,0.001154,0.052163198,0.0221
12/19/2016,73.19530711,0.011609,25.555104,1.43568,0.1979,0.001162,0.052587992,0.0223
12/20/2016,73.66028379,0.011788,25.4000725,1.43099,0.1988,0.001155,0.052073288,0.0224
12/21/2016,72.50621719,0.011688,25.59902175,1.44017,0.1985,0.001157,0.052362531,0.0226
12/22/2016,73.2852986,0.011755,26.175496,1.44616,0.199,0.00115,0.052930581,0.0227
12/23/2016,74.01059086,0.011788,26.9214005,1.45718,0.2008,0.00116,0.052954292,0.0226
12/27/2016,75.3375087,0.01188,27.07695,1.45575,0.2,0.001153,0.052331246,0.0229
12/28/2016,75.33788491,0.011852,27.421821,1.45089,0.2004,0.00115,0.05141424,0.023
12/29/2016,75.14891259,0.011882,27.752873,1.45303,0.1997,0.001148,0.051115113,0.023
12/30/2016,74.98612653,0.011885,28.172017,1.45969,0.1993,0.001149,0.051193119,0.0225
1/3/2017,74.0961352,0.011871,26.807994,1.44129,0.1992,0.001148,0.051115113,0.0227
1/5/2017,74.73426002,0.011764,27.716312,1.44544,0.1981,0.001151,0.051785228,0.023
1/6/2017,75.09930147,0.01181,27.14997975,1.44223,0.1973,0.001139,0.050814957,0.023
1/9/2017,71.75686701,0.01171,27.969489,1.43802,0.1964,0.00113,0.050448735,0.0226
1/11/2017,71.8451821,0.011715,29.260119,1.42212,0.1959,0.001131,0.049321328,0.0225
1/12/2017,72.7151256,0.011644,29.213478,1.41813,0.1934,0.001137,0.048904329,0.0225
1/13/2017,71.96747534,0.011648,28.784994,1.41798,0.1939,0.001135,0.048120501,0.0224
1/17/2017,71.12462006,0.011642,28.5289745,1.41583,0.1936,0.001139,0.047839302,0.0223
1/18/2017,70.05996003,0.011735,28.57405425,1.41631,0.1932,0.001131,0.048367755,0.0224
1/19/2017,69.59396905,0.011622,29.0169225,1.4103,0.1929,0.001125,0.048009523,0.0221
1/20/2017,71.3170086,0.011514,29.74923,1.41663,0.1927,0.001126,0.048312376,0.0222
1/23/2017,70.83333333,0.011544,31.937175,1.41943,0.1925,0.001132,0.048523207,0.0221
1/24/2017,70.5486679,0.011701,31.113963,1.41588,0.192,0.001128,0.048404115,0.0223
1/25/2017,70.93238246,0.011591,29.4581525,1.41967,0.1924,0.001136,0.048335975,0.0222
1/26/2017,72.23623092,0.011658,29.132913,1.41766,0.1927,0.001132,0.048706038,0.022
2/3/2017,71.62760417,0.011577,32.580224,1.40432,0.1894,0.001143,0.047916667,0.022
2/6/2017,70.31331593,0.011559,32.419233,1.40343,0.1908,0.00115,0.048172324,0.0222
2/8/2017,69.77109222,0.011683,28.547964,1.39941,0.1905,0.001142,0.048659254,0.0222
2/10/2017,71.39692468,0.011687,27.882921,1.38721,0.1896,0.001137,0.047823821,0.0223
2/13/2017,70.64136126,0.011506,26.637888,1.38739,0.1902,0.001138,0.047905759,0.0226
2/14/2017,70.57288268,0.011507,25.672464,1.38024,0.1903,0.001146,0.048153465,0.0229
2/15/2017,69.89623865,0.011421,25.915357,1.37482,0.1894,0.001142,0.047859922,0.0227
2/16/2017,70.21055368,0.011362,26.36174,1.38746,0.1895,0.001138,0.048219392,0.0226
2/17/2017,70.4723382,0.011475,25.274425,1.3849,0.1899,0.001134,0.048277662,0.0224
2/21/2017,71.51791531,0.01156,24.6771585,1.37286,0.1894,0.001139,0.048208469,0.0227
2/22/2017,70.98533039,0.011461,24.32886,1.37064,0.1892,0.001139,0.048163053,0.0224
2/23/2017,71.25081011,0.011457,25.13328725,1.37153,0.1888,0.001144,0.048217758,0.0224
2/24/2017,70.54455446,0.01151,23.977497,1.37604,0.1895,0.001153,0.048332465,0.0221
2/27/2017,70.53303793,0.011626,23.870367,1.37979,0.1893,0.001148,0.048221035,0.0224
2/28/2017,70.74572287,0.011564,23.205672,1.38129,0.1893,0.001149,0.048060598,0.0224
3/1/2017,70.96522079,0.011582,23.493861,1.37391,0.1898,0.001143,0.047935391,0.0223
3/2/2017,70.43053354,0.011454,23.58733,1.38749,0.1916,0.001148,0.048864237,0.0225
3/3/2017,71.05055292,0.011542,23.24557375,1.39823,0.1916,0.001143,0.048578199,0.0227
3/7/2017,70.86188719,0.011545,23.185125,1.3925,0.1909,0.001145,0.048892989,0.0226
3/8/2017,68.22529224,0.011563,22.65066125,1.40035,0.1918,0.00115,0.049282678,0.0226
3/10/2017,65.68549456,0.011614,23.1390105,1.41523,0.1919,0.001155,0.049588968,0.0225
3/13/2017,65.63201691,0.011552,22.373844,1.40716,0.1906,0.001151,0.049002774,0.0225
3/14/2017,66.14631565,0.011497,22.163924,1.40278,0.1912,0.001151,0.049212859,0.0223
3/15/2017,65.49487612,0.01153,22.3485015,1.39243,0.1905,0.001149,0.048255286,0.0222
3/16/2017,65.16019797,0.011441,21.874476,1.40221,0.1891,0.001154,0.048319875,0.0225
3/17/2017,64.97923157,0.011495,21.881247,1.39371,0.1881,0.001146,0.048286604,0.0227
3/20/2017,64.5970767,0.01152,21.739102,1.38908,0.1874,0.001161,0.048117967,0.0226
3/21/2017,63.68482642,0.011495,21.927204,1.40559,0.1882,0.001158,0.048368223,0.0225
3/22/2017,63.64938786,0.011639,22.14828,1.40624,0.1891,0.001166,0.048319875,0.0226
3/23/2017,63.76032516,0.011717,21.5942675,1.4137,0.1902,0.001168,0.048249639,0.0228
3/24/2017,64.42345533,0.01182,21.1804125,1.41675,0.1905,0.001174,0.048406139,0.023
3/27/2017,64.29509057,0.011783,21.108648,1.42626,0.1909,0.001181,0.04843791,0.0231
3/28/2017,64.70588235,0.011863,20.96568,1.4166,0.19,0.001173,0.048342722,0.023
3/29/2017,65.69752282,0.011787,21.1601745,1.40366,0.1894,0.001173,0.048239896,0.023
3/30/2017,66.58814291,0.011742,21.75998825,1.39711,0.1892,0.00117,0.048553854,0.0233
3/31/2017,67.28273692,0.011693,21.9928275,1.39637,0.1901,0.001173,0.048368069,0.0233
4/5/2017,68.95640687,0.011938,22.8555085,1.40866,0.1915,0.001171,0.048612946,0.0234
4/7/2017,71.17333333,0.011935,22.17939,1.4127,0.1929,0.001175,0.049466667,0.0233
4/10/2017,72.40367951,0.012003,22.35645225,1.41273,0.1931,0.001166,0.049593388,0.0235
4/12/2017,71.4969423,0.012017,22.539999,1.41761,0.1936,0.001171,0.049454932,0.0235
4/13/2017,71.39270613,0.012195,22.577835,1.40235,0.1913,0.001163,0.049154334,0.0235
4/17/2017,71.02385031,0.012112,22.4042985,1.40246,0.1911,0.001163,0.049150086,0.0236
4/18/2017,70.22486772,0.012098,23.277504,1.41936,0.1925,0.001158,0.049338624,0.0235
4/19/2017,68.46738695,0.012199,23.2168625,1.42873,0.1935,0.001166,0.049886621,0.0236
4/20/2017,68.10150126,0.012254,22.9961465,1.42391,0.1926,0.001167,0.049687791,0.0236
4/21/2017,66.76833311,0.012153,23.65255375,1.42271,0.1929,0.001168,0.049595544,0.0234
4/24/2017,65.63201691,0.012154,23.579073,1.43556,0.1921,0.001164,0.049531106,0.0237
4/25/2017,66.30391506,0.012034,23.451809,1.44988,0.1926,0.001176,0.049900464,0.0236
4/26/2017,66.40353225,0.011945,23.9964375,1.45875,0.1943,0.001181,0.050307733,0.0234
4/27/2017,66.45679839,0.012048,23.70730425,1.45667,0.1946,0.001184,0.050502344,0.0235
4/28/2017,66.17254274,0.012039,23.717967,1.45509,0.1941,0.001174,0.050347222,0.0234
5/4/2017,63.22040761,0.011882,23.98283425,1.48271,0.1962,0.001189,0.051019031,0.0231
5/5/2017,64.70905172,0.012002,23.59623175,1.48171,0.1955,0.001186,0.05078125,0.0232
5/9/2017,64.83321988,0.011956,23.57871425,1.48061,0.1969,0.001196,0.051327434,0.0233
5/10/2017,66.41780915,0.011945,23.56520175,1.47513,0.1962,0.0012,0.051309895,0.0236
5/12/2017,67.33450657,0.011877,23.3117325,1.48011,0.1959,0.0012,0.051170976,0.0237
5/15/2017,68.28544449,0.011943,22.94775,1.4805,0.1954,0.001206,0.050991501,0.0239
5/16/2017,67.14247239,0.011855,23.20682,1.4924,0.1954,0.001207,0.050902235,0.0238
5/17/2017,68.36652314,0.011903,23.385551,1.50148,0.1958,0.001198,0.050995694,0.0236
5/18/2017,69.07939075,0.012141,23.5700325,1.49651,0.1953,0.001194,0.051085052,0.0234
5/19/2017,70.30433034,0.012089,23.3534565,1.50183,0.1949,0.001199,0.050811101,0.0237
5/22/2017,69.81409656,0.012055,22.7696925,1.50295,0.1942,0.001198,0.050822522,0.0236
5/23/2017,70.40652581,0.012019,23.479664,1.49552,0.1937,0.001188,0.050949452,0.0237
5/24/2017,69.69212315,0.011963,22.68768725,1.49507,0.1943,0.001191,0.050779688,0.0236
5/25/2017,66.91709149,0.011952,22.7830245,1.50383,0.1951,0.001197,0.05097934,0.0236
5/26/2017,68.25993555,0.011994,22.598779,1.50158,0.196,0.0012,0.051020408,0.0238
5/31/2017,66.32570659,0.012085,23.001248,1.51324,0.1973,0.001202,0.051144011,0.0238
6/1/2017,66.30051532,0.012149,23.22579025,1.52051,0.1988,0.001209,0.051668023,0.024
6/2/2017,65.26938063,0.012175,22.274763,1.51529,0.1974,0.001201,0.051189037,0.0237
6/6/2017,64.72155609,0.012167,22.15804,1.50224,0.1958,0.001191,0.050759392,0.0236
6/7/2017,61.94197907,0.012177,22.3698,1.49132,0.1948,0.001178,0.050602729,0.0232
6/9/2017,62.1628803,0.01206,22.5354735,1.48749,0.1952,0.00118,0.050750631,0.0232
6/12/2017,62.00769129,0.012042,22.357979,1.48558,0.1952,0.001172,0.050921628,0.0233
6/13/2017,62.08040334,0.01206,22.421952,1.48736,0.1951,0.001177,0.050948653,0.0233
6/14/2017,59.93408042,0.012055,22.256843,1.47886,0.1933,0.001177,0.050626236,0.0229
6/15/2017,59.84958438,0.012025,21.616791,1.47053,0.1937,0.001167,0.050666315,0.0228
6/16/2017,60.14958667,0.011892,22.113266,1.46932,0.1926,0.001158,0.050387088,0.0229
6/19/2017,59.84210526,0.011838,22.6606695,1.46671,0.1929,0.001158,0.050526316,0.0225
6/20/2017,58.60158311,0.011798,22.473558,1.46886,0.1933,0.001156,0.050659631,0.0221
6/21/2017,57.52681054,0.011838,22.51305525,1.47869,0.1939,0.001158,0.050840726,0.022
6/22/2017,58.40625829,0.011886,22.585615,1.4786,0.1939,0.001164,0.050914877,0.0221
6/23/2017,58.66807611,0.011909,22.36790875,1.47887,0.1931,0.001164,0.050739958,0.0222
6/26/2017,58.89255109,0.011876,22.702372,1.47418,0.1926,0.001163,0.050626236,0.0224
6/27/2017,59.4092048,0.011784,22.803935,1.49534,0.1935,0.001156,0.050639589,0.0222
6/28/2017,60.41884817,0.011738,22.935066,1.48929,0.193,0.001149,0.05026178,0.0221
6/29/2017,59.80736691,0.011657,22.261148,1.48904,0.1919,0.001134,0.049850319,0.0219
6/30/2017,61.65951359,0.011603,22.881936,1.48584,0.1922,0.001135,0.050071531,0.0222
7/3/2017,62.9160684,0.011572,22.697856,1.48352,0.1922,0.001135,0.050254536,0.022
7/6/2017,61.36303717,0.011513,22.700538,1.50584,0.1939,0.001139,0.050619562,0.0219
7/7/2017,60.04473096,0.011645,22.655889,1.50039,0.1934,0.00114,0.050519668,0.0218
7/11/2017,61.22021472,0.011547,22.63254975,1.50133,0.1932,0.001139,0.05053679,0.0215
7/12/2017,60.38030737,0.01149,21.997092,1.48629,0.192,0.001144,0.050273509,0.0217
7/13/2017,60.87181477,0.01151,22.1865595,1.47419,0.1908,0.001137,0.049799508,0.0217
7/14/2017,60.94228805,0.011419,22.262376,1.46463,0.1889,0.001131,0.049029622,0.0216
7/17/2017,60.4025125,0.011354,21.95960025,1.47133,0.189,0.001136,0.049352647,0.0216
7/18/2017,59.95452249,0.011385,21.8202725,1.45955,0.1871,0.001123,0.048762001,0.0213
7/19/2017,60.78973843,0.011272,21.939018,1.44812,0.1864,0.001118,0.048415493,0.0213
7/20/2017,60.39205831,0.011233,22.069254,1.46154,0.1859,0.001121,0.048504649,0.0213
7/21/2017,59.01970692,0.01123,22.0253865,1.47327,0.1867,0.001129,0.048762001,0.0213
7/24/2017,59.95709238,0.011367,22.0027675,1.4693,0.1869,0.001131,0.048965169,0.021
7/25/2017,62.3661333,0.011359,22.231413,1.46742,0.1864,0.001125,0.048758977,0.021
7/26/2017,62.1361649,0.011261,22.500644,1.46584,0.187,0.001123,0.048344785,0.021
7/27/2017,63.21074432,0.011236,22.130107,1.46557,0.186,0.001123,0.048449856,0.0211
7/28/2017,64.4672593,0.011282,22.0713,1.47142,0.1858,0.001113,0.048328534,0.021
7/31/2017,64.65075597,0.011315,22.492352,1.47976,0.1863,0.001116,0.048481819,0.0209
8/2/2017,64.0311245,0.011333,22.50312625,1.48781,0.1864,0.001118,0.048318273,0.0207
8/3/2017,63.74842767,0.011333,22.54732,1.4932,0.1874,0.001114,0.048553459,0.0208
8/8/2017,64.07632044,0.011434,23.05105425,1.48477,0.1887,0.001119,0.049153399,0.0211
8/9/2017,65.31440162,0.011453,23.7787385,1.49083,0.1903,0.001113,0.049315416,0.0211
8/11/2017,64.41601216,0.011521,24.15283125,1.49785,0.1906,0.001108,0.049404611,0.0212
8/14/2017,62.90117168,0.011603,23.6308275,1.50037,0.1906,0.001118,0.049668874,0.0213
8/15/2017,63.57243319,0.011618,23.7808645,1.50037,0.1913,0.001125,0.049993607,0.0214
8/16/2017,61.99369085,0.011553,24.201914,1.48478,0.1896,0.001111,0.049337539,0.0213
8/17/2017,63.08180089,0.011451,23.9711025,1.48658,0.1891,0.00111,0.049714648,0.0214
8/18/2017,65.1280111,0.011574,24.36041025,1.48313,0.1895,0.001107,0.049564888,0.0214
8/21/2017,63.484066,0.011546,24.1463695,1.48822,0.1889,0.001106,0.049376496,0.0213
8/22/2017,63.67083807,0.011556,24.454899,1.48662,0.1895,0.001117,0.049677664,0.0214
8/23/2017,64.77732794,0.011535,24.75956925,1.49379,0.19,0.001123,0.049468623,0.0214
8/24/2017,64.18722328,0.011603,24.81231375,1.49247,0.1899,0.001122,0.049462366,0.0214
8/25/2017,64.2713061,0.011551,24.5856585,1.50371,0.1897,0.001124,0.049293999,0.0215
8/28/2017,63.48110009,0.011525,24.82095,1.5043,0.1899,0.001123,0.049353259,0.0215
8/29/2017,63.65237077,0.011493,25.070571,1.50574,0.1903,0.001118,0.049427745,0.0214
8/30/2017,62.7830487,0.011458,24.916866,1.50328,0.1921,0.001125,0.049462366,0.0216
8/31/2017,65.26991317,0.01148,24.61532625,1.49865,0.1915,0.001119,0.049075123,0.0217
9/1/2017,64.55172414,0.011444,24.41921175,1.48671,0.1912,0.001118,0.048652038,0.0218
9/5/2017,64.96998499,0.01138,25.032168,1.49001,0.1908,0.001104,0.048274137,0.0217
9/6/2017,66.0875,0.011494,25.32286,1.48958,0.1917,0.001104,0.048125,0.0218
9/8/2017,65.39702233,0.011443,25.23508,1.4932,0.1909,0.001097,0.04764268,0.0217
9/11/2017,65.774069,0.011507,25.904076,1.48874,0.1908,0.001102,0.047826628,0.0218
9/13/2017,67.44302529,0.011384,26.38383975,1.48851,0.1915,0.001106,0.047958928,0.0216
9/14/2017,67.75765147,0.011334,26.726114,1.48892,0.1912,0.001101,0.047720175,0.0217
9/15/2017,67.94551362,0.011332,26.568814,1.49263,0.1907,0.001103,0.047738065,0.0217
9/18/2017,68.14526263,0.011276,27.38433825,1.50257,0.1907,0.001112,0.04812767,0.0216
9/19/2017,67.7278402,0.011259,26.614863,1.49732,0.1898,0.001104,0.047815231,0.0215
9/20/2017,68.74610883,0.011189,25.766964,1.48086,0.1886,0.0011,0.047565683,0.0214
9/21/2017,69.99621642,0.011097,25.827557,1.50598,0.1912,0.001113,0.048051457,0.0218
9/22/2017,70.25872896,0.011207,25.377885,1.50165,0.1903,0.001108,0.047726702,0.0218
9/25/2017,73.55423964,0.011215,26.460589,1.49284,0.1899,0.00111,0.047877032,0.0219
9/26/2017,73.25640375,0.011277,26.619188,1.49546,0.1911,0.001114,0.048059853,0.0219
9/27/2017,72.45508982,0.011297,26.33488,1.4963,0.1913,0.001112,0.048159001,0.0219
9/28/2017,72.19959267,0.011292,26.2941595,1.50038,0.1916,0.00111,0.047988798,0.022
9/29/2017,71.40668879,0.011329,23.7546225,1.50823,0.1916,0.001115,0.047995915,0.0222
10/10/2017,71.5865261,0.011371,26.6442345,1.51819,0.1953,0.001132,0.048341476,0.0222
10/11/2017,71.55880842,0.011434,26.64515,1.52258,0.1951,0.001133,0.048279404,0.0222
10/13/2017,71.40864714,0.011413,24.434515,1.49905,0.1928,0.001125,0.047800178,0.0221
10/16/2017,72.80601197,0.011336,23.742028,1.50266,0.193,0.001129,0.048019361,0.0223
10/17/2017,72.91613561,0.011353,24.745215,1.49971,0.1928,0.001127,0.048177415,0.0222
10/18/2017,73.2857507,0.01136,25.238136,1.50227,0.1927,0.001125,0.048177415,0.0222
10/19/2017,71.78217822,0.011285,25.57616,1.50448,0.1919,0.001124,0.047854785,0.0222
10/20/2017,73.08430344,0.011278,24.65253,1.5078,0.1932,0.00113,0.048228221,0.0222
10/23/2017,72.43499424,0.011269,25.69736275,1.50497,0.1931,0.001133,0.048161906,0.0223
10/24/2017,74.29269547,0.011293,24.803688,1.51242,0.1938,0.001137,0.048225309,0.0223
10/25/2017,74.97403946,0.011289,25.915643,1.53347,0.1956,0.001151,0.048416407,0.0225
10/26/2017,76.7232376,0.011413,26.008929,1.52099,0.196,0.001156,0.048694517,0.0226
10/27/2017,78.02527029,0.011452,25.97014575,1.51209,0.1962,0.001157,0.048586688,0.0224
10/30/2017,78.22580645,0.011458,27.23913525,1.51539,0.1963,0.001156,0.04851717,0.0224
10/31/2017,79.23197492,0.011493,27.6459925,1.5211,0.1969,0.001168,0.048589342,0.0224
11/1/2017,77.68368942,0.011494,27.62612,1.51376,0.1972,0.001172,0.048462741,0.0225
11/7/2017,82.04054938,0.01141,29.135872,1.51552,0.1973,0.001174,0.048920863,0.022
11/8/2017,81.53164887,0.011475,29.2214025,1.51015,0.1966,0.001169,0.048971086,0.022
11/9/2017,82.109375,0.011441,29.55927,1.51586,0.1966,0.001165,0.049088542,0.022
11/10/2017,81.73867641,0.011476,30.151242,1.52279,0.1961,0.001164,0.049210286,0.022
11/13/2017,81.43775417,0.011499,30.57393475,1.53061,0.1971,0.001172,0.049455595,0.0221
11/14/2017,79.34739877,0.011544,30.070478,1.54604,0.1978,0.001174,0.049534792,0.0217
11/15/2017,80.30043484,0.011549,29.948724,1.55376,0.199,0.001192,0.049808934,0.0219
11/16/2017,79.69161834,0.011674,29.784576,1.55128,0.1986,0.001199,0.049815498,0.0221
11/17/2017,81.84822845,0.011658,29.464344,1.55896,0.2,0.001207,0.049841354,0.0224
11/20/2017,81.29801325,0.01179,30.147018,1.55397,0.1996,0.001206,0.050066225,0.0223
11/21/2017,81.92135128,0.011761,30.475001,1.54892,0.199,0.001209,0.049881235,0.0223
11/22/2017,82.27648681,0.011736,30.264975,1.55205,0.1993,0.001209,0.049231981,0.0225
11/27/2017,82.93870034,0.011805,32.711635,1.56515,0.1991,0.001205,0.049066035,0.0225
11/28/2017,82.5674786,0.011839,32.152725,1.55892,0.199,0.001215,0.048979592,0.0225
11/29/2017,82.37780713,0.01181,32.86878,1.56518,0.1997,0.001221,0.048877147,0.0225
11/30/2017,82.48744383,0.011801,32.488232,1.57328,0.1994,0.001215,0.048902987,0.0226
12/1/2017,82.62183108,0.011744,32.4204225,1.56243,0.199,0.001213,0.048601077,0.0223
12/4/2017,81.20558042,0.011703,33.6919515,1.56162,0.1989,0.001211,0.048302185,0.0224
12/5/2017,81.37242014,0.011708,33.38482025,1.55459,0.1983,0.001209,0.048507953,0.0224
12/6/2017,80.03701745,0.011675,33.061824,1.55952,0.1998,0.001209,0.048783712,0.0223
12/7/2017,81.70682998,0.011774,33.9729615,1.56738,0.2009,0.001218,0.049127946,0.0225
12/12/2017,83.328923,0.011772,35.8097885,1.55357,0.2,0.001211,0.04869013,0.0223
12/13/2017,81.00039282,0.011651,33.25425225,1.54851,0.1986,0.001207,0.048055519,0.0224
12/14/2017,81.68536394,0.011635,33.8008,1.5364,0.1976,0.001198,0.04748239,0.0222
12/15/2017,81.74208737,0.011606,33.037115,1.53661,0.1974,0.001201,0.04721423,0.0222
12/18/2017,81.7980167,0.011615,33.63084375,1.53741,0.1971,0.001201,0.04697286,0.0222
12/19/2017,82.35677933,0.011591,31.5962725,1.54505,0.1978,0.001202,0.046717996,0.0222
12/20/2017,83.04421547,0.01156,31.704309,1.54844,0.1984,0.001207,0.046824051,0.0222
12/21/2017,82.96546352,0.011503,31.6796745,1.54159,0.1975,0.001202,0.046481433,0.0222
12/22/2017,83.27928395,0.011458,30.476556,1.53922,0.1971,0.001204,0.046439227,0.0222
12/26/2017,85.30020704,0.011449,30.80769725,1.53463,0.1978,0.001202,0.046454451,0.0224
12/27/2017,84.8738414,0.011427,30.264451,1.53044,0.1962,0.001197,0.045957775,0.0223
12/28/2017,84.75750577,0.011355,30.800034,1.53234,0.1965,0.001199,0.045676161,0.0223
12/29/2017,85.14534511,0.011366,29.668346,1.53722,0.1968,0.0012,0.045588424,0.0222
1/2/2018,84.0357599,0.011367,30.262179,1.54006,0.1969,0.001201,0.045466156,0.0222
1/3/2018,85.71975498,0.011374,29.7107875,1.53346,0.1965,0.001199,0.045814191,0.0223
1/5/2018,85.24923703,0.011343,28.8354105,1.52973,0.1963,0.001197,0.045015259,0.0224
1/8/2018,85.6669217,0.011251,29.376655,1.52606,0.1964,0.001193,0.045141546,0.0223
1/16/2018,86.03190554,0.011276,29.53237625,1.54015,0.1953,0.00118,0.043838714,0.0222
1/17/2018,86.0727729,0.011373,28.62996325,1.52897,0.1949,0.001175,0.043663739,0.0221
1/18/2018,85.28933883,0.011275,28.6398875,1.5295,0.1948,0.001167,0.043369579,0.0221
1/19/2018,84.91557223,0.01125,27.893665,1.52842,0.1949,0.001172,0.043277048,0.0221
1/22/2018,85.13159536,0.01129,28.33417275,1.52951,0.1947,0.001167,0.043158289,0.0221
1/23/2018,86.1375,0.011246,27.516596,1.53724,0.1953,0.001164,0.043375,0.0222
1/24/2018,86.35574299,0.011332,27.323285,1.53934,0.1947,0.001165,0.043041429,0.0221
1/25/2018,85.93321704,0.011356,27.382289,1.54484,0.1954,0.001168,0.043483678,0.0223
1/26/2018,85.30209618,0.011389,26.81805,1.53246,0.1954,0.001158,0.043279901,0.0219
1/29/2018,84.2846553,0.011356,26.770975,1.52977,0.1948,0.001154,0.043736101,0.0219
1/30/2018,82.71681306,0.011339,26.6626325,1.53454,0.1955,0.001153,0.044290486,0.0219
1/31/2018,84.00993172,0.011373,28.08527175,1.54103,0.1961,0.00116,0.044692737,0.0221
2/1/2018,84.97325538,0.01137,28.2430335,1.55609,0.1982,0.001162,0.044657296,0.0222
2/2/2018,84.30210566,0.01137,28.408839,1.57172,0.2,0.001157,0.045265414,0.0223
2/5/2018,83.1302361,0.011455,27.90515025,1.56991,0.2002,0.001159,0.045823813,0.0221
2/7/2018,81.56717372,0.011633,28.9647355,1.56778,0.2024,0.001173,0.047168605,0.0221
2/8/2018,80.67086493,0.011692,28.568463,1.57402,0.2027,0.001171,0.04742321,0.022
2/13/2018,77.40170505,0.011819,29.072565,1.57149,0.2008,0.001172,0.047588752,0.0221
2/14/2018,78.89225334,0.011801,28.62728325,1.57077,0.2009,0.001178,0.047312642,0.0222
2/22/2018,81.92709661,0.011889,35.674866,1.57158,0.2004,0.001179,0.047157787,0.0226
2/23/2018,83.08045391,0.01194,41.4201305,1.56746,0.2019,0.001185,0.047303328,0.0227
2/26/2018,83.33545512,0.011933,42.4162935,1.56807,0.2021,0.001189,0.047103756,0.0229
2/27/2018,82.53947875,0.011906,59.67824,1.57048,0.2023,0.001187,0.047631275,0.0228
2/28/2018,80.59778408,0.011961,84.044755,1.57093,0.2026,0.001187,0.048054625,0.0229
3/1/2018,80.59566787,0.012077,159.6949917,1.58153,0.2032,0.001191,0.048349665,0.0227
3/5/2018,82.07340631,0.012137,31.134992,1.58852,0.2034,0.001194,0.048679974,0.0228
3/7/2018,79.76996805,0.012125,29.4219695,1.58609,0.2024,0.001198,0.049073482,0.0225
3/8/2018,79.23995378,0.012048,30.465294,1.58056,0.2023,0.001196,0.049171909,0.0225
3/9/2018,80.72412035,0.012091,31.1472305,1.56913,0.2014,0.001196,0.048827129,0.0225
3/13/2018,79.41475827,0.01193,39.80309,1.57636,0.2006,0.001193,0.049109415,0.0223
3/14/2018,79.43379459,0.011938,35.561406,1.57004,0.2011,0.001193,0.048622572,0.0222
3/15/2018,80.40523211,0.011939,39.919605,1.57785,0.2021,0.001199,0.048730444,0.0223
3/16/2018,83.05458317,0.012059,33.134816,1.59302,0.2042,0.001211,0.049137819,0.0226
3/19/2018,83.1562581,0.012231,33.1636875,1.59825,0.205,0.001207,0.049105986,0.0224
3/20/2018,85.34426656,0.012212,34.9727155,1.59329,0.2051,0.001214,0.049459846,0.0226
3/21/2018,87.45653574,0.012217,34.637148,1.58886,0.2052,0.00121,0.04893754,0.0226
3/22/2018,86.9621734,0.012143,32.662026,1.59912,0.2049,0.001202,0.049525543,0.0227
3/23/2018,88.88167294,0.012347,30.969938,1.60466,0.2048,0.001199,0.049486946,0.0227
3/26/2018,87.66133196,0.012403,29.27281275,1.60619,0.2064,0.0012,0.04917398,0.0226
3/27/2018,87.5504623,0.012245,30.082355,1.61516,0.2065,0.001211,0.04948561,0.0227
3/28/2018,87.62725137,0.012363,30.283656,1.60656,0.2068,0.001226,0.049334377,0.0226
3/29/2018,88.57775462,0.012216,31.1610395,1.60211,0.2073,0.001226,0.049231571,0.0227
4/4/2018,86.34007258,0.012239,30.391729,1.59119,0.206,0.001225,0.049377916,0.0226
4/9/2018,87.00792517,0.012187,31.2923165,1.60063,0.2059,0.001214,0.049889567,0.0214
4/13/2018,90.97114889,0.012165,31.8363925,1.58785,0.2051,0.001201,0.049330242,0.0208
4/16/2018,89.39724971,0.011996,31.02567,1.59106,0.205,0.0012,0.049222465,0.021
4/17/2018,89.60855009,0.011998,30.22584675,1.59293,0.2049,0.001206,0.049317538,0.0209
4/18/2018,92.17625899,0.012031,30.20354,1.58966,0.2047,0.001206,0.049203494,0.0211
4/19/2018,92.5614489,0.01198,31.782091,1.59709,0.205,0.001212,0.049288486,0.0212
4/20/2018,93.28727842,0.01205,32.270628,1.60152,0.2069,0.001217,0.049791449,0.0212
4/23/2018,95.7790927,0.012109,31.989189,1.60548,0.2079,0.001216,0.050361604,0.0213
4/24/2018,94.23987375,0.012097,31.65333675,1.60881,0.2086,0.001221,0.050236718,0.0214
4/25/2018,94.80502313,0.012086,32.27196775,1.60757,0.2089,0.001222,0.050363516,0.0212
4/26/2018,95.55202542,0.012081,32.6049735,1.60221,0.2089,0.001228,0.050569235,0.0211
4/27/2018,94.71046036,0.012111,32.5642735,1.60021,0.2087,0.001235,0.050257222,0.0211
5/2/2018,95.11544108,0.012152,32.97393725,1.59487,0.2094,0.001236,0.050980916,0.0208
5/3/2018,95.4062666,0.012152,32.153148,1.59174,0.2096,0.001234,0.050584174,0.0211
5/4/2018,96.97572622,0.012159,32.40814325,1.58669,0.209,0.001235,0.050404563,0.0212
5/7/2018,97.93800718,0.012158,32.194785,1.58595,0.2088,0.001231,0.050685114,0.0211
5/9/2018,101.5275358,0.012195,33.31060725,1.58811,0.2107,0.001242,0.051051856,0.0213
5/14/2018,102.0728142,0.012211,34.4661375,1.58465,0.2091,0.001241,0.050757374,0.0215
5/15/2018,102.4357602,0.012116,33.9834495,1.58431,0.2098,0.001238,0.051124197,0.0215
5/16/2018,103.4060671,0.012129,34.092002,1.57106,0.2092,0.001235,0.050691857,0.0216
5/17/2018,103.8210624,0.012054,35.0946405,1.57023,0.209,0.00123,0.050858741,0.0214
5/18/2018,102.9290374,0.012019,35.263125,1.56725,0.2087,0.001232,0.050991879,0.0214
5/21/2018,103.0730678,0.012021,34.526772,1.55526,0.2072,0.001224,0.050514376,0.0214
5/22/2018,103.062302,0.011877,35.606065,1.55485,0.207,0.001226,0.050686378,0.0216
5/23/2018,103.7566138,0.011902,35.118489,1.54707,0.2075,0.001228,0.050793651,0.0216
5/24/2018,102.3627244,0.012018,35.15489325,1.54697,0.2072,0.00122,0.050554382,0.0214
5/25/2018,99.48330684,0.01208,33.92214825,1.54367,0.2071,0.001228,0.050609433,0.0214
5/29/2018,98.86742172,0.012112,34.979035,1.53754,0.2073,0.001229,0.051032645,0.0212
5/30/2018,100.660066,0.01225,35.41977,1.53999,0.2061,0.001225,0.050561056,0.0212
5/31/2018,99.76215645,0.012119,34.3371805,1.54498,0.2063,0.001223,0.050607822,0.0212
6/4/2018,96.875,0.012143,33.881083,1.52962,0.2042,0.001221,0.050078452,0.0211
6/6/2018,96.92187296,0.011907,33.0911025,1.53555,0.2041,0.001222,0.049823921,0.0211
6/7/2018,99.61962225,0.011837,33.93617275,1.54783,0.2048,0.001223,0.050104932,0.021
6/8/2018,98.65807131,0.011957,33.3254355,1.54822,0.2054,0.001225,0.050388107,0.0211
6/13/2018,99.08946952,0.012014,35.165148,1.55598,0.2057,0.001215,0.05054104,0.0211
6/14/2018,99.83952929,0.011958,35.2315585,1.54694,0.2074,0.001228,0.051083177,0.0214
6/15/2018,96.35850578,0.012086,33.81408375,1.56005,0.2084,0.001218,0.05092717,0.0213
6/19/2018,99.8374204,0.012184,34.190234,1.57016,0.2091,0.001218,0.051212573,0.0212
6/20/2018,98.83279045,0.012308,34.35753125,1.57063,0.2095,0.001222,0.051302932,0.0213
6/21/2018,97.04567015,0.012299,34.402375,1.57268,0.2089,0.00122,0.051497493,0.0213
6/22/2018,99.55645161,0.012322,33.82776,1.5661,0.207,0.001209,0.051209677,0.0213
6/25/2018,98.65120043,0.012222,34.096896,1.57856,0.2064,0.001209,0.051524144,0.0214
6/26/2018,101.2577766,0.012287,33.90940875,1.57535,0.2055,0.001209,0.051528266,0.0214
6/27/2018,102.7792916,0.012293,34.43015625,1.57395,0.2053,0.001213,0.051771117,0.0216
6/28/2018,103.0331882,0.012355,34.303826,1.57357,0.2052,0.001213,0.051686616,0.0217
6/29/2018,104.7940581,0.012311,34.41457,1.57865,0.2042,0.001211,0.051316678,0.0215
7/2/2018,103.5558583,0.012193,35.1256915,1.58581,0.2049,0.001218,0.051907357,0.0215
7/3/2018,103.4118603,0.012287,34.805484,1.57848,0.2039,0.001214,0.051448687,0.0215
7/5/2018,102.6803845,0.012243,35.1315,1.5825,0.2039,0.001209,0.051441722,0.0214
7/6/2018,101.4939435,0.012233,35.21655225,1.58099,0.2026,0.001207,0.051144011,0.0214
7/9/2018,102.169546,0.012187,35.724125,1.57375,0.2024,0.001203,0.05115843,0.0215
7/13/2018,98.2893319,0.012084,35.45412475,1.57399,0.2016,0.001192,0.051320043,0.0215
7/16/2018,94.24450735,0.011995,34.410864,1.57848,0.2015,0.001194,0.05135463,0.0216
7/17/2018,94.09933685,0.012001,34.6425875,1.57825,0.2016,0.001201,0.051698471,0.0216
7/18/2018,95.99891863,0.01199,35.0037,1.5732,0.2015,0.001195,0.051500406,0.0215
7/19/2018,95.89729656,0.01198,35.1970525,1.58189,0.2014,0.001197,0.05148757,0.0214
7/20/2018,95.83277141,0.012087,34.79014,1.58137,0.1993,0.001195,0.050977748,0.0212
7/23/2018,96.31486248,0.0121,35.164356,1.58398,0.1994,0.001194,0.051212573,0.0215
7/24/2018,96.86110737,0.012168,35.0684235,1.57434,0.1984,0.001196,0.050788091,0.0213
7/25/2018,97.46478873,0.012123,35.084144,1.57328,0.1994,0.0012,0.050435949,0.0214
7/26/2018,98.59021282,0.012089,35.1165075,1.57827,0.1992,0.001206,0.050833672,0.0215
7/27/2018,97.95945946,0.012188,34.892895,1.5753,0.1982,0.001211,0.050675676,0.0216
7/30/2018,98.86593763,0.01217,35.084436,1.58038,0.198,0.001208,0.05035777,0.0217
7/31/2018,96.64601293,0.012156,34.60557075,1.57477,0.1973,0.001209,0.050107759,0.0215
8/1/2018,95.46191248,0.012035,34.92008125,1.57475,0.198,0.001206,0.05010805,0.0215
8/2/2018,97.01086957,0.012089,35.062632,1.57408,0.1981,0.001204,0.050271739,0.0214
8/3/2018,96.62344679,0.01217,35.19238425,1.56237,0.1977,0.001203,0.049972988,0.0211
8/6/2018,97.08948152,0.012142,35.1540465,1.56414,0.1974,0.001202,0.050087992,0.0212
8/8/2018,94.5498587,0.012152,35.309336,1.56236,0.1972,0.001205,0.049791414,0.0205
8/13/2018,97.4002751,0.012125,36.8068855,1.56959,0.1994,0.001209,0.050481431,0.0204
8/14/2018,97.12826177,0.012419,36.96232,1.5662,0.2005,0.001224,0.050393483,0.0208
8/15/2018,95.23414836,0.012426,36.8292,1.5672,0.1996,0.001218,0.050283188,0.0205
8/16/2018,95.71684341,0.012474,37.05482,1.5668,0.1995,0.001222,0.049579948,0.0206
8/17/2018,96.32161903,0.012419,37.7319825,1.56402,0.1996,0.001221,0.04909066,0.0207
8/20/2018,96.3760218,0.012375,37.90170825,1.56457,0.1995,0.001219,0.049182561,0.0203
8/21/2018,96.81053203,0.01238,37.9258845,1.57043,0.1987,0.001216,0.048995657,0.0202
8/22/2018,100.0272183,0.012308,38.9356695,1.57794,0.1989,0.001216,0.048992923,0.02
8/23/2018,101.365894,0.012306,39.48408,1.5921,0.2,0.001227,0.049530905,0.0202
8/24/2018,101.3507982,0.012398,39.803078,1.58578,0.2003,0.001224,0.048847046,0.0204
8/27/2018,102.0541423,0.012274,40.986912,1.58864,0.1998,0.001226,0.048700857,0.0202
8/28/2018,101.9760153,0.012253,41.15446175,1.59359,0.2,0.001229,0.048650859,0.0201
8/29/2018,104.4863904,0.012255,42.279864,1.60151,0.201,0.001232,0.048693749,0.0201
8/30/2018,105.7001239,0.012249,42.099732,1.60686,0.201,0.001234,0.04874019,0.0202
8/31/2018,106.635137,0.012403,41.75371125,1.61367,0.2031,0.001247,0.049380999,0.0206
9/4/2018,106.9796601,0.012519,43.115977,1.61332,0.2037,0.001246,0.049038729,0.0204
9/5/2018,105.6026693,0.012501,43.982128,1.61699,0.2037,0.001241,0.04907549,0.0204
9/7/2018,106.8101871,0.012465,46.002066,1.62408,0.2041,0.001244,0.049810046,0.0201
